item,reponse,secondes,horodatage
A001,n,29.6,2026-08-23T16:00:48
A002,n,19.6,2026-08-23T16:01:07
A003,o,19.5,2026-08-23T16:01:27
A004,o,17.9,2026-08-23T16:01:45
A005,?,23.5,2026-08-23T16:02:08
A006,o,6.9,2026-08-23T16:02:15
A007,n,15.6,2026-08-23T16:02:31
A008,o,22.8,2026-08-23T16:02:53
A009,o,8.5,2026-08-23T16:03:02
A010,n,21.0,2026-08-23T16:03:23
A011,n,12.8,2026-08-23T16:03:36
A012,n,47.3,2026-08-23T16:04:23
A013,o,47.0,2026-08-23T16:05:10
A014,?,13.5,2026-08-23T16:05:23
A015,o,7.2,2026-08-23T16:05:31
A016,?,42.1,2026-08-23T16:06:13
A017,o,23.3,2026-08-23T16:06:36
A018,n,14.7,2026-08-23T16:06:51
A019,o,45.0,2026-08-23T16:07:36
A020,n,57.5,2026-08-23T16:08:33
A021,o,11.3,2026-08-23T16:08:45
A022,?,53.6,2026-08-23T16:09:38
A023,o,75.1,2026-08-23T16:10:53
A024,o,6.9,2026-08-23T16:11:00
A025,n,9.6,2026-08-23T16:11:10
A026,?,289.5,2026-08-23T16:15:59
A027,o,137.5,2026-08-23T16:18:17
A028,o,10.4,2026-08-23T16:18:27
A029,o,67.1,2026-08-23T16:19:34
A030,n,4.3,2026-08-23T16:19:39
A031,n,10.6,2026-08-23T16:19:49
A032,o,148.3,2026-08-23T16:22:18
A033,o,26.6,2026-08-23T16:22:44
A034,n,35.2,2026-08-23T16:23:19
A035,o,22.1,2026-08-23T16:23:41
A036,n,88.7,2026-08-23T16:25:10
A037,o,48.6,2026-08-23T16:25:59
A038,n,110.3,2026-08-23T16:27:49
A039,n,10.0,2026-08-23T16:27:59
A040,o,28.3,2026-08-23T16:28:27
A041,n,35.9,2026-08-23T16:29:03
A042,n,49.1,2026-08-23T16:29:52
A043,n,25.2,2026-08-23T16:30:18
A044,o,12.5,2026-08-23T16:30:30
A045,o,21.7,2026-08-23T16:30:52
A046,o,15.3,2026-08-23T16:31:07
A047,n,33.1,2026-08-23T16:31:40
A048,n,241.4,2026-08-23T16:35:42
A049,?,105.2,2026-08-23T16:37:27
A050,o,7.9,2026-08-23T16:37:35
A051,o,28.5,2026-08-23T16:38:03
A052,o,5.4,2026-08-23T16:38:09
A053,n,13.2,2026-08-23T16:38:22
A054,o,29.8,2026-08-23T16:38:52
A055,n,34.1,2026-08-23T16:39:26
A056,o,134.1,2026-08-23T16:41:40
A057,n,30.5,2026-08-23T16:42:10
A058,n,10.6,2026-08-23T16:42:21
A059,n,14.6,2026-08-23T16:42:36
A060,o,15.7,2026-08-23T16:42:51
A061,o,142.6,2026-08-23T16:45:14
A062,o,79.6,2026-08-23T16:46:34
B001,n,23.9,2026-08-23T16:46:58
B002,n,18.9,2026-08-23T16:47:17
B003,n,68.7,2026-08-23T16:48:25
B004,n,9.1,2026-08-23T16:48:34
B005,?,19.5,2026-08-23T16:48:54
B006,n,31.0,2026-08-23T16:49:25
B007,o,2.7,2026-08-23T16:49:27
B008,?,10.5,2026-08-23T16:49:38
B009,o,14.0,2026-08-23T16:49:52
B010,n,72.2,2026-08-23T16:51:04
B011,n,27.5,2026-08-23T16:51:32
B012,n,8.3,2026-08-23T16:51:40
B013,n,5.1,2026-08-23T16:51:45
B014,n,44.6,2026-08-23T16:52:30
B015,n,7.4,2026-08-23T16:52:37
B016,?,16.0,2026-08-23T16:52:53
B017,n,152.7,2026-08-23T16:55:26
B018,?,7.3,2026-08-23T16:55:33
B019,o,5.2,2026-08-23T16:55:38
B020,o,13.5,2026-08-23T16:55:52
B021,n,40.1,2026-08-23T16:56:32
B022,o,409.1,2026-08-23T17:03:21
B023,o,37.9,2026-08-23T17:03:59
B024,n,5.2,2026-08-23T17:04:04
B025,o,9.8,2026-08-23T17:04:14
B026,n,10.1,2026-08-23T17:04:24
B027,o,22.9,2026-08-23T17:04:47
B028,n,8.1,2026-08-23T17:04:55
B029,n,10.5,2026-08-23T17:05:06
B030,n,183.5,2026-08-23T17:08:09
B031,?,86.2,2026-08-23T17:09:35
B032,n,6.7,2026-08-23T17:09:42
B033,o,204.2,2026-08-23T17:13:06
B034,?,14.0,2026-08-23T17:13:20
B035,o,13.0,2026-08-23T17:13:33
B036,n,11.4,2026-08-23T17:13:45
B037,n,11.6,2026-08-23T17:13:56
B038,n,13.5,2026-08-23T17:14:10
B039,?,39.3,2026-08-23T17:14:49
B040,n,217.6,2026-08-23T17:18:27
B041,n,32.4,2026-08-23T17:18:59
B042,n,141.2,2026-08-23T17:21:20
B043,o,76.3,2026-08-23T17:22:37
B044,n,6.5,2026-08-23T17:22:43
B045,n,34.9,2026-08-23T17:23:18
B046,n,2.4,2026-08-23T17:23:20
B047,n,11.9,2026-08-23T17:23:32
B048,o,11.0,2026-08-23T17:23:43
B049,n,21.9,2026-08-23T17:24:05
B050,n,6.4,2026-08-23T17:24:12
B051,n,2.9,2026-08-23T17:24:14
B052,n,18.8,2026-08-23T17:24:33
B053,n,7.5,2026-08-23T17:24:41
B054,n,7.2,2026-08-23T17:24:48
B055,o,2.7,2026-08-23T17:24:51
B056,?,191.8,2026-08-23T17:28:03
B057,n,121.3,2026-08-23T17:30:04
B058,n,26.9,2026-08-23T17:30:31
B059,n,4.0,2026-08-23T17:30:35
B060,n,10.4,2026-08-23T17:30:45
B061,n,8.0,2026-08-23T17:30:53
B062,o,9.8,2026-08-23T17:31:03
B063,o,11.7,2026-08-23T17:31:15
B064,n,9.4,2026-08-23T17:31:24
B065,o,16.5,2026-08-23T17:31:41
B066,?,11.5,2026-08-23T17:31:52
B067,n,3.8,2026-08-23T17:31:56
B068,n,4.3,2026-08-23T17:32:00
B069,n,77.6,2026-08-23T17:33:18
B070,o,3.3,2026-08-23T17:33:21
B071,n,5.8,2026-08-23T17:33:27
B072,n,4.3,2026-08-23T17:33:31
B073,o,4.1,2026-08-23T17:33:35
B074,n,9.3,2026-08-23T17:33:44
B075,n,4.4,2026-08-23T17:33:49
B076,n,90.3,2026-08-23T17:35:19
B077,o,3.3,2026-08-23T17:35:22
B078,o,9.3,2026-08-23T17:35:32
B079,n,9.4,2026-08-23T17:35:41
B080,o,4.6,2026-08-23T17:35:46
B081,n,81.9,2026-08-23T17:37:08
B082,n,3.5,2026-08-23T17:37:11
B083,n,39.5,2026-08-23T17:37:51
B084,?,9.2,2026-08-23T17:38:00
B085,o,11.6,2026-08-23T17:38:11
B086,o,4.1,2026-08-23T17:38:16
B087,n,61.0,2026-08-23T17:39:17
B088,n,4.9,2026-08-23T17:39:22
B089,?,9.8,2026-08-23T17:39:31
B090,o,80818.6,2026-08-24T16:06:30
B091,?,126.4,2026-08-24T16:08:36
B092,n,14.2,2026-08-24T16:08:51
B093,n,28.7,2026-08-24T16:09:19
B094,o,22.9,2026-08-24T16:09:42
B095,n,4.9,2026-08-24T16:09:47
B096,o,4.6,2026-08-24T16:09:52
B097,n,5.8,2026-08-24T16:09:57
B098,n,93.5,2026-08-24T16:11:31
B099,n,8.3,2026-08-24T16:11:39
B100,n,21.6,2026-08-24T16:12:01
B101,o,13.6,2026-08-24T16:12:15
B102,o,2.8,2026-08-24T16:12:17
B103,n,55.6,2026-08-24T16:13:13
B104,?,13.6,2026-08-24T16:13:27
B105,o,7.6,2026-08-24T16:13:34
B106,n,144.9,2026-08-24T16:15:59
B107,n,17.4,2026-08-24T16:16:16
B108,?,85.4,2026-08-24T16:17:42
B109,o,9.8,2026-08-24T16:17:52
B110,n,3.8,2026-08-24T16:17:55
B111,n,5.4,2026-08-24T16:18:01
B112,n,8.7,2026-08-24T16:18:09
B113,?,24.4,2026-08-24T16:18:34
B114,n,18.7,2026-08-24T16:18:53
B115,n,8.5,2026-08-24T16:19:01
B116,n,2.5,2026-08-24T16:19:04
B117,n,5.6,2026-08-24T16:19:09
B118,o,29.1,2026-08-24T16:19:38
B119,n,43.1,2026-08-24T16:20:21
B120,o,36.6,2026-08-24T16:20:58
B121,n,12.0,2026-08-24T16:21:10
B122,?,14.8,2026-08-24T16:21:25
B123,n,47.8,2026-08-24T16:22:13
B124,n,9.0,2026-08-24T16:22:22
B125,n,4.9,2026-08-24T16:22:26
B126,o,9.0,2026-08-24T16:22:35
B127,o,5.1,2026-08-24T16:22:40
B128,n,44.7,2026-08-24T16:23:25
B129,n,60.0,2026-08-24T16:24:25
C001,n,76.4,2026-08-25T09:47:25
C002,n,2.3,2026-08-25T09:47:28
C003,n,7.8,2026-08-25T09:47:35
C004,o,31.6,2026-08-25T09:48:07
C005,n,21.6,2026-08-25T09:48:28
C006,n,50.1,2026-08-25T09:49:19
C007,?,10.6,2026-08-25T09:49:29
C008,?,21.8,2026-08-25T09:49:51
C009,?,24.4,2026-08-25T09:50:15
C010,n,59.0,2026-08-25T09:51:14
C011,n,4.3,2026-08-25T09:51:19
C012,n,24.5,2026-08-25T09:51:43
C013,n,6.5,2026-08-25T09:51:50
C014,n,16.3,2026-08-25T09:52:06
C015,n,33.2,2026-08-25T09:52:39
C016,o,11.1,2026-08-25T09:52:50
C017,n,4.6,2026-08-25T09:52:55
C018,n,14.9,2026-08-25T09:53:10
C019,o,27.6,2026-08-25T09:53:37
C020,o,13.4,2026-08-25T09:53:51
C021,o,44.7,2026-08-25T09:54:35
C022,n,15.7,2026-08-25T09:54:51
C023,n,5.6,2026-08-25T09:54:57
C024,o,23.5,2026-08-25T09:55:20
C025,n,16.2,2026-08-25T09:55:37
C026,n,8.4,2026-08-25T09:55:45
C027,n,6.4,2026-08-25T09:55:51
C028,n,12.4,2026-08-25T09:56:04
C029,n,6.3,2026-08-25T09:56:10
C030,o,3.6,2026-08-25T09:56:14
C031,o,40.4,2026-08-25T09:56:54
C032,n,14.2,2026-08-25T09:57:08
C033,n,3.7,2026-08-25T09:57:12
C034,n,16.2,2026-08-25T09:57:28
C035,n,6.6,2026-08-25T09:57:35
C036,o,19.6,2026-08-25T09:57:54
C037,n,85.4,2026-08-25T09:59:20
C038,o,8.5,2026-08-25T09:59:28
C039,o,6.0,2026-08-25T09:59:34
C040,o,36.0,2026-08-25T10:00:10
C041,n,6.2,2026-08-25T10:00:16
C042,n,6.8,2026-08-25T10:00:23
C043,n,14.4,2026-08-25T10:00:38
C044,n,17.8,2026-08-25T10:00:55
C045,n,12.5,2026-08-25T10:01:08
C046,n,33.0,2026-08-25T10:01:41
C047,n,7.2,2026-08-25T10:01:48
C048,?,13.6,2026-08-25T10:02:02
C049,n,8.4,2026-08-25T10:02:10
C050,n,12.5,2026-08-25T10:02:23
C051,n,51.0,2026-08-25T10:03:14
C052,n,25.5,2026-08-25T10:03:39
C053,o,7.1,2026-08-25T10:03:46
C054,n,19.4,2026-08-25T10:04:06
C055,n,9.6,2026-08-25T10:04:15
C056,n,12.0,2026-08-25T10:04:27
C057,n,8.4,2026-08-25T10:04:36
C058,n,7.1,2026-08-25T10:04:43
C059,o,23.6,2026-08-25T10:05:06
C060,n,8.2,2026-08-25T10:05:15
C061,n,4.4,2026-08-25T10:05:19
C062,n,10.3,2026-08-25T10:05:29
C063,?,7.3,2026-08-25T10:05:37
C064,n,4.4,2026-08-25T10:05:41
C065,?,15.9,2026-08-25T10:05:57
C066,n,16.9,2026-08-25T10:06:14
C067,n,11.1,2026-08-25T10:06:25
C068,n,19.2,2026-08-25T10:06:44
C069,?,23.0,2026-08-25T10:07:07
C070,n,5.5,2026-08-25T10:07:13
C071,o,9.9,2026-08-25T10:07:23
C072,n,11.7,2026-08-25T10:07:34
C073,n,3.6,2026-08-25T10:07:38
C074,o,9.8,2026-08-25T10:07:48
C075,n,15.5,2026-08-25T10:08:03
C076,n,39.0,2026-08-25T10:08:42
C077,n,3.2,2026-08-25T10:08:45
C078,n,6.3,2026-08-25T10:08:52
C079,o,9.4,2026-08-25T10:09:01
C080,o,5.5,2026-08-25T10:09:06
C081,n,18.3,2026-08-25T10:09:25
C082,o,4.7,2026-08-25T10:09:29
C083,n,2.7,2026-08-25T10:09:32
C084,n,5.3,2026-08-25T10:09:37
C085,n,15.9,2026-08-25T10:09:53
C086,n,19.5,2026-08-25T10:10:13
C087,o,3.5,2026-08-25T10:10:16
C088,n,9.9,2026-08-25T10:10:26
C089,n,4.1,2026-08-25T10:10:30
C090,?,8.5,2026-08-25T10:10:39
C091,n,21.4,2026-08-25T10:11:00
C092,o,2.6,2026-08-25T10:11:03
C093,?,43.5,2026-08-25T10:11:46
C094,n,9.2,2026-08-25T10:11:56
C095,n,5.7,2026-08-25T10:12:01
C096,o,8.3,2026-08-25T10:12:10
C097,?,72.3,2026-08-25T10:13:22
C098,n,3.1,2026-08-25T10:13:25
C099,n,3.5,2026-08-25T10:13:28
C100,n,6.8,2026-08-25T10:13:35
C101,n,10.1,2026-08-25T10:13:45
C102,n,3.0,2026-08-25T10:13:48
C103,n,6.0,2026-08-25T10:13:54
C104,n,5.0,2026-08-25T10:13:59
C105,n,6.3,2026-08-25T10:14:06
C106,n,8.2,2026-08-25T10:14:14
C107,n,9.3,2026-08-25T10:14:23
C108,n,15.2,2026-08-25T10:14:38
C109,n,4.2,2026-08-25T10:14:43
C110,n,4.9,2026-08-25T10:14:48
C111,n,4.0,2026-08-25T10:14:52
C112,n,25.2,2026-08-25T10:15:17
C113,o,27.5,2026-08-25T10:15:44
C114,n,17.3,2026-08-25T10:16:02
C115,n,11.6,2026-08-25T10:16:13
C116,n,3.7,2026-08-25T10:16:17
D001,n,8.1,2026-08-25T10:47:49
D002,n,2.7,2026-08-25T10:47:51
D003,?,20.6,2026-08-25T10:48:12
D004,o,63.0,2026-08-25T10:49:15
D005,n,15.7,2026-08-25T10:49:31
D006,o,20.0,2026-08-25T10:49:51
D007,o,10.2,2026-08-25T10:50:01
D008,o,18.1,2026-08-25T10:50:19
D009,n,9.5,2026-08-25T10:50:29
D010,n,6.5,2026-08-25T10:50:35
D011,o,10.2,2026-08-25T10:50:45
D012,n,67.7,2026-08-25T10:51:53
D013,n,4.1,2026-08-25T10:51:57
D014,n,5.8,2026-08-25T10:52:03
D015,n,211.8,2026-08-25T10:55:35
D016,n,15.9,2026-08-25T10:55:51
D017,n,3.7,2026-08-25T10:55:54
D018,n,35.5,2026-08-25T10:56:30
D019,n,3.9,2026-08-25T10:56:34
D020,o,18.8,2026-08-25T10:56:53
D021,n,5.8,2026-08-25T10:56:59
D022,n,5.3,2026-08-25T10:57:04
D023,n,8.1,2026-08-25T10:57:12
D024,n,14.4,2026-08-25T10:57:26
D025,o,42.8,2026-08-25T10:58:09
D026,n,13.8,2026-08-25T10:58:23
D027,n,8.2,2026-08-25T10:58:31
D028,?,4.4,2026-08-25T10:58:35
D029,n,12.3,2026-08-25T10:58:48
D030,o,8.4,2026-08-25T10:58:56
D031,n,5.7,2026-08-25T10:59:02
D032,n,2.9,2026-08-25T10:59:05
D033,o,66.4,2026-08-25T11:00:11
D034,n,7.3,2026-08-25T11:00:19
D035,o,8.3,2026-08-25T11:00:27
D036,n,10.0,2026-08-25T11:00:37
D037,o,9.6,2026-08-25T11:00:46
D038,n,62.5,2026-08-25T11:01:49
D039,n,5.7,2026-08-25T11:01:55
D040,n,6.7,2026-08-25T11:02:01
D041,?,11.3,2026-08-25T11:02:13
D042,o,6.8,2026-08-25T11:02:19
D043,n,4.2,2026-08-25T11:02:24
D044,n,3.3,2026-08-25T11:02:27
D045,n,61.1,2026-08-25T11:03:28
D046,n,31.0,2026-08-25T11:03:59
D047,o,7.5,2026-08-25T11:04:07
D048,o,40.7,2026-08-25T11:04:47
D049,o,15.4,2026-08-25T11:05:03
D050,n,6.2,2026-08-25T11:05:09
D051,o,11.3,2026-08-25T11:05:20
D052,n,6.3,2026-08-25T11:05:26
D053,n,6.6,2026-08-25T11:05:33
D054,o,2.8,2026-08-25T11:05:36
D055,n,29.3,2026-08-25T11:06:05
D056,n,4.3,2026-08-25T11:06:09
D057,n,8.6,2026-08-25T11:06:18
D058,n,2.9,2026-08-25T11:06:21
D059,n,3.6,2026-08-25T11:06:25
D060,n,7.2,2026-08-25T11:06:32
D061,n,2.8,2026-08-25T11:06:35
D062,o,3.2,2026-08-25T11:06:38
D063,n,40.7,2026-08-25T11:07:19
D064,n,18.6,2026-08-25T11:07:37
D065,n,28.5,2026-08-25T11:08:06
D066,o,3.3,2026-08-25T11:08:09
D067,n,3.0,2026-08-25T11:08:12
D068,n,10.2,2026-08-25T11:08:22
D069,n,24.5,2026-08-25T11:08:47
D070,o,4.9,2026-08-25T11:08:52
D071,n,35.1,2026-08-25T11:09:27
D072,n,14.1,2026-08-25T11:09:41
D073,o,8.4,2026-08-25T11:09:49
D074,n,4.8,2026-08-25T11:09:54
D075,o,136.4,2026-08-25T11:12:10
D076,?,12.5,2026-08-25T11:12:23
D077,n,31.4,2026-08-25T11:12:54
D078,n,4.3,2026-08-25T11:12:59
D079,n,3.5,2026-08-25T11:13:02
D080,n,3.4,2026-08-25T11:13:06
D081,n,10.0,2026-08-25T11:13:16
D082,n,131.5,2026-08-25T11:15:27
D083,n,3.3,2026-08-25T11:15:30
D084,n,13.0,2026-08-25T11:15:43
D085,n,5.6,2026-08-25T11:15:49
D086,o,16.8,2026-08-25T11:16:06
D087,n,34.6,2026-08-25T11:16:40
D088,n,4.7,2026-08-25T11:16:45
D089,n,7.9,2026-08-25T11:16:53
D090,n,14.3,2026-08-25T11:17:07
D091,o,3.2,2026-08-25T11:17:10
D092,n,5.2,2026-08-25T11:17:16
D093,o,7.0,2026-08-25T11:17:23
D094,n,3.8,2026-08-25T11:17:26
D095,?,64.1,2026-08-25T11:18:30
D096,n,18.1,2026-08-25T11:18:49
D097,n,10.8,2026-08-25T11:18:59
D098,?,36.6,2026-08-25T11:19:36
D099,n,40.7,2026-08-25T11:20:17
D100,n,4.2,2026-08-25T11:20:21
D101,n,3.5,2026-08-25T11:20:24
D102,n,7.8,2026-08-25T11:20:32
D103,n,36.2,2026-08-25T11:21:08
D104,n,147.2,2026-08-25T11:23:36
D105,n,11.1,2026-08-25T11:23:47
D106,n,3.5,2026-08-25T11:23:50
D107,n,5.1,2026-08-25T11:23:55
D108,n,9.4,2026-08-25T11:24:05
D109,n,7.2,2026-08-25T11:24:12
D110,?,41.6,2026-08-25T11:24:54
D111,n,36.8,2026-08-25T11:25:31
D112,n,3.2,2026-08-25T11:25:34
D113,n,4.2,2026-08-25T11:25:38
D114,n,5.0,2026-08-25T11:25:43
D115,o,4.3,2026-08-25T11:25:47
D116,n,22.2,2026-08-25T11:26:09
D117,n,9.2,2026-08-25T11:26:19
D118,n,21.0,2026-08-25T11:26:39
D119,o,4.1,2026-08-25T11:26:44
D120,n,91.5,2026-08-25T11:28:15
D121,n,25.1,2026-08-25T11:28:40
D122,n,4.7,2026-08-25T11:28:45
D123,n,3.8,2026-08-25T11:28:49
D124,n,8.2,2026-08-25T11:28:57
D125,o,26.1,2026-08-25T11:29:23
D126,n,4.4,2026-08-25T11:29:27
D127,n,4.0,2026-08-25T11:29:31
D128,n,7.9,2026-08-25T11:29:39
D129,n,4.8,2026-08-25T11:29:44
D130,n,8.7,2026-08-25T11:29:53
D131,n,6.1,2026-08-25T11:29:59
D132,o,6.4,2026-08-25T11:30:05
D133,n,6.7,2026-08-25T11:30:12
D134,n,6.1,2026-08-25T11:30:18
D135,n,13.4,2026-08-25T11:30:31
D136,n,202.4,2026-08-25T11:33:54
D137,n,2.6,2026-08-25T11:33:56
D138,n,3.6,2026-08-25T11:34:00
D139,n,9.6,2026-08-25T11:34:10
D140,o,8.6,2026-08-25T11:34:18
D141,n,3.5,2026-08-25T11:34:22
D142,n,6.2,2026-08-25T11:34:28
D143,n,58.4,2026-08-25T11:35:26
D144,n,55.4,2026-08-25T11:36:22
D145,n,7.4,2026-08-25T11:36:29
D146,n,3.3,2026-08-25T11:36:32
D147,n,6.6,2026-08-25T11:36:39
D148,o,9.1,2026-08-25T11:36:48
D149,n,5.7,2026-08-25T11:36:54
D150,n,38.3,2026-08-25T11:37:32
D151,o,5.1,2026-08-25T11:37:37
D152,n,6.7,2026-08-25T11:37:44
D153,n,3.9,2026-08-25T11:37:48
D154,n,4.9,2026-08-25T11:37:53
D155,?,4.5,2026-08-25T11:37:57
D156,n,9.2,2026-08-25T11:38:06
D157,n,13.2,2026-08-25T11:38:20
D158,n,4.1,2026-08-25T11:38:24
D159,?,11.4,2026-08-25T11:38:35
D160,n,9.4,2026-08-25T11:38:44
