lot_id,fascicule,batch_index,n_articles,tokens_articles,tokens_fixe,tokens_total,tokens_output_min,tokens_output_moyen,tokens_output_max,cout_sans_cache_min,cout_avec_cache_min,cout_sans_cache_moyen,cout_avec_cache_moyen,cout_sans_cache_max,cout_avec_cache_max
1,4109000,0,25,17654,8912,26566,675,1175,1675,0.0143,0.01207,0.01505,0.01282,0.0158,0.01357
2,4109000,1,5,3834,8912,12746,140,240,340,0.00658,0.00436,0.00673,0.00451,0.00688,0.00466
3,4109676,0,25,8021,8912,16933,675,1175,1675,0.00948,0.00726,0.01023,0.00801,0.01098,0.00876
4,4109676,1,25,10794,8912,19706,680,1180,1680,0.01087,0.00865,0.01162,0.0094,0.01237,0.01015
5,4109676,2,2,2703,8912,11615,59,99,139,0.0059,0.00367,0.00596,0.00373,0.00602,0.00379
6,4112815,0,25,8539,8912,17451,675,1175,1675,0.00974,0.00752,0.01049,0.00827,0.01124,0.00902
7,4112815,1,25,19055,8912,27967,680,1180,1680,0.015,0.01278,0.01575,0.01353,0.0165,0.01428
8,4112815,2,8,8128,8912,17040,221,381,541,0.00885,0.00663,0.00909,0.00687,0.00933,0.00711
9,4116651,0,23,25812,8912,34724,622,1082,1542,0.01829,0.01607,0.01898,0.01676,0.01967,0.01745
10,4116651,1,1,5474,8912,14386,32,52,72,0.00724,0.00502,0.00727,0.00505,0.0073,0.00508
11,4117053,0,25,20913,8912,29825,675,1175,1675,0.01593,0.0137,0.01668,0.01445,0.01742,0.0152
12,4117053,1,6,7819,8912,16731,167,287,407,0.00862,0.00639,0.0088,0.00657,0.00898,0.00675
13,4123163,0,25,10405,8912,19317,677,1177,1677,0.01067,0.00845,0.01142,0.0092,0.01217,0.00995
14,4123163,1,25,10328,8912,19240,680,1180,1680,0.01064,0.00842,0.01139,0.00917,0.01214,0.00992
15,4123163,2,25,8227,8912,17139,689,1189,1689,0.0096,0.00738,0.01035,0.00813,0.0111,0.00888
16,4123163,3,15,5334,8912,14246,425,725,1025,0.00776,0.00554,0.00821,0.00599,0.00866,0.00644
17,4133627,0,25,12849,8912,21761,676,1176,1676,0.01189,0.00967,0.01264,0.01042,0.01339,0.01117
18,4133627,1,25,10261,8912,19173,680,1180,1680,0.01061,0.00838,0.01136,0.00913,0.01211,0.00988
19,4133627,2,25,13362,8912,22274,692,1192,1692,0.01218,0.00995,0.01292,0.0107,0.01367,0.01145
20,4133627,3,16,8693,8912,17605,453,773,1093,0.00948,0.00726,0.00996,0.00774,0.01044,0.00822
21,4133872,0,25,12360,8912,21272,673,1173,1673,0.01165,0.00942,0.0124,0.01017,0.01315,0.01092
22,4133872,1,25,8767,8912,17679,680,1180,1680,0.00986,0.00764,0.01061,0.00839,0.01136,0.00914
23,4133872,2,25,6942,8912,15854,687,1187,1687,0.00896,0.00674,0.00971,0.00749,0.01046,0.00824
24,4133872,3,25,14066,8912,22978,705,1205,1705,0.01255,0.01032,0.0133,0.01107,0.01405,0.01182
25,4133872,4,3,762,8912,9674,89,149,209,0.00497,0.00275,0.00506,0.00284,0.00515,0.00293
26,4134119,0,25,8177,8912,17089,674,1174,1674,0.00956,0.00733,0.01031,0.00808,0.01106,0.00883
27,4134119,1,25,8256,8912,17168,680,1180,1680,0.0096,0.00738,0.01035,0.00813,0.0111,0.00888
28,4134119,2,25,9086,8912,17998,682,1182,1682,0.01002,0.0078,0.01077,0.00855,0.01152,0.0093
29,4134119,3,25,7658,8912,16570,705,1205,1705,0.00934,0.00712,0.01009,0.00787,0.01084,0.00862
30,4134119,4,17,7847,8912,16759,481,821,1161,0.0091,0.00688,0.00961,0.00739,0.01012,0.0079
31,4135298,0,25,14629,8912,23541,678,1178,1678,0.01279,0.01057,0.01354,0.01132,0.01429,0.01207
32,4135298,1,25,9589,8912,18501,680,1180,1680,0.01027,0.00805,0.01102,0.0088,0.01177,0.00955
33,4135298,2,25,6086,8912,14998,680,1180,1680,0.00852,0.0063,0.00927,0.00705,0.01002,0.0078
34,4135298,3,25,16665,8912,25577,698,1198,1698,0.01384,0.01161,0.01459,0.01236,0.01534,0.01311
35,4135298,4,15,6935,8912,15847,425,725,1025,0.00856,0.00634,0.00901,0.00679,0.00946,0.00724
36,4140779,0,25,20145,8912,29057,676,1176,1676,0.01554,0.01332,0.01629,0.01407,0.01704,0.01482
37,4140779,1,25,12748,8912,21660,680,1180,1680,0.01185,0.00963,0.0126,0.01038,0.01335,0.01113
38,4140779,2,25,10759,8912,19671,689,1189,1689,0.01087,0.00865,0.01162,0.0094,0.01237,0.01015
39,4140779,3,25,8358,8912,17270,705,1205,1705,0.00969,0.00747,0.01044,0.00822,0.01119,0.00897
40,4140779,4,25,11272,8912,20184,705,1205,1705,0.01115,0.00893,0.0119,0.00968,0.01265,0.01043
41,4140779,5,7,7258,8912,16170,201,341,481,0.00839,0.00616,0.0086,0.00637,0.00881,0.00658
42,4602945,0,25,10484,8912,19396,671,1171,1671,0.0107,0.00848,0.01145,0.00923,0.0122,0.00998
43,4602945,1,25,9331,8912,18243,680,1180,1680,0.01014,0.00792,0.01089,0.00867,0.01164,0.00942
44,4602945,2,25,6279,8912,15191,680,1180,1680,0.00862,0.00639,0.00937,0.00714,0.01012,0.00789
45,4602945,3,3,315,8912,9227,86,146,206,0.00474,0.00252,0.00483,0.00261,0.00492,0.0027
46,4604241,0,25,7068,8912,15980,675,1175,1675,0.009,0.00678,0.00975,0.00753,0.0105,0.00828
47,4604241,1,25,7192,8912,16104,680,1180,1680,0.00907,0.00685,0.00982,0.0076,0.01057,0.00835
48,4604241,2,25,9929,8912,18841,680,1180,1680,0.01044,0.00822,0.01119,0.00897,0.01194,0.00972
49,4604241,3,25,6312,8912,15224,698,1198,1698,0.00866,0.00644,0.00941,0.00719,0.01016,0.00794
50,4604241,4,25,8641,8912,17553,705,1205,1705,0.00983,0.00761,0.01058,0.00836,0.01133,0.00911
51,4604241,5,25,6132,8912,15044,705,1205,1705,0.00858,0.00636,0.00933,0.00711,0.01008,0.00786
52,4604241,6,25,5121,8912,14033,705,1205,1705,0.00807,0.00585,0.00882,0.0066,0.00957,0.00735
53,4604241,7,1,184,8912,9096,33,53,73,0.0046,0.00238,0.00463,0.00241,0.00466,0.00244
54,4606143,0,25,11277,8912,20189,676,1176,1676,0.01111,0.00889,0.01186,0.00964,0.01261,0.01039
55,4606143,1,25,9440,8912,18352,680,1180,1680,0.0102,0.00797,0.01095,0.00872,0.0117,0.00947
56,4606143,2,25,4390,8912,13302,680,1180,1680,0.00767,0.00545,0.00842,0.0062,0.00917,0.00695
57,4606143,3,15,2317,8912,11229,410,710,1010,0.00623,0.00401,0.00668,0.00446,0.00713,0.00491
58,4609982,0,25,4875,8912,13787,677,1177,1677,0.00791,0.00569,0.00866,0.00644,0.00941,0.00719
59,4609982,1,25,7749,8912,16661,680,1180,1680,0.00935,0.00713,0.0101,0.00788,0.01085,0.00863
60,4609982,2,25,8175,8912,17087,680,1180,1680,0.00956,0.00734,0.01031,0.00809,0.01106,0.00884
61,4609982,3,25,6141,8912,15053,693,1193,1693,0.00857,0.00634,0.00932,0.00709,0.01007,0.00784
62,4609982,4,25,10586,8912,19498,705,1205,1705,0.01081,0.00858,0.01156,0.00933,0.01231,0.01008
63,4609982,5,25,12679,8912,21591,705,1205,1705,0.01185,0.00963,0.0126,0.01038,0.01335,0.01113
64,4609982,6,14,4409,8912,13321,397,677,957,0.00726,0.00503,0.00768,0.00545,0.0081,0.00587
65,4610674,0,25,8735,8912,17647,677,1177,1677,0.00984,0.00762,0.01059,0.00837,0.01134,0.00912
66,4610674,1,25,6446,8912,15358,680,1180,1680,0.0087,0.00648,0.00945,0.00723,0.0102,0.00798
67,4610674,2,25,5360,8912,14272,680,1180,1680,0.00816,0.00593,0.00891,0.00668,0.00966,0.00743
68,4610674,3,25,5000,8912,13912,680,1180,1680,0.00798,0.00575,0.00873,0.0065,0.00948,0.00725
69,4610674,4,25,11179,8912,20091,704,1204,1704,0.0111,0.00888,0.01185,0.00963,0.0126,0.01038
70,4610674,5,25,4830,8912,13742,705,1205,1705,0.00793,0.00571,0.00868,0.00646,0.00943,0.00721
71,4610674,6,25,17379,8912,26291,705,1205,1705,0.0142,0.01198,0.01495,0.01273,0.0157,0.01348
72,4610674,7,25,3693,8912,12605,705,1205,1705,0.00736,0.00514,0.00811,0.00589,0.00886,0.00664
73,4610674,8,2,190,8912,9102,61,101,141,0.00464,0.00242,0.0047,0.00248,0.00476,0.00254
74,4614704,0,25,14388,8912,23300,675,1175,1675,0.01266,0.01044,0.01341,0.01119,0.01416,0.01194
75,4614704,1,25,11947,8912,20859,680,1180,1680,0.01145,0.00923,0.0122,0.00998,0.01295,0.01073
76,4614704,2,25,4950,8912,13862,680,1180,1680,0.00795,0.00573,0.0087,0.00648,0.00945,0.00723
77,4614704,3,16,10319,8912,19231,452,772,1092,0.01029,0.00807,0.01077,0.00855,0.01125,0.00903
78,4614978,0,25,11052,8912,19964,675,1175,1675,0.01099,0.00877,0.01174,0.00952,0.01249,0.01027
79,4614978,1,25,8102,8912,17014,680,1180,1680,0.00953,0.00731,0.01028,0.00806,0.01103,0.00881
80,4614978,2,25,15415,8912,24327,681,1181,1681,0.01319,0.01096,0.01394,0.01171,0.01469,0.01246
81,4614978,3,23,5526,8912,14438,649,1109,1569,0.00819,0.00597,0.00888,0.00666,0.00957,0.00735
82,4617451,0,25,13358,8912,22270,676,1176,1676,0.01215,0.00993,0.0129,0.01068,0.01365,0.01143
83,4617451,1,25,8348,8912,17260,680,1180,1680,0.00965,0.00743,0.0104,0.00818,0.01115,0.00893
84,4617451,2,25,10368,8912,19280,684,1184,1684,0.01067,0.00844,0.01142,0.00919,0.01217,0.00994
85,4617451,3,25,10228,8912,19140,705,1205,1705,0.01063,0.00841,0.01138,0.00916,0.01213,0.00991
86,4617451,4,25,10309,8912,19221,705,1205,1705,0.01067,0.00845,0.01142,0.0092,0.01217,0.00995
87,4626819,0,25,13579,8912,22491,678,1178,1678,0.01226,0.01004,0.01301,0.01079,0.01376,0.01154
88,4626819,1,25,2648,8912,11560,680,1180,1680,0.0068,0.00458,0.00755,0.00533,0.0083,0.00608
89,4626819,2,25,2082,8912,10994,680,1180,1680,0.00652,0.0043,0.00727,0.00505,0.00802,0.0058
90,4626819,3,25,5408,8912,14320,680,1180,1680,0.00818,0.00596,0.00893,0.00671,0.00968,0.00746
91,4626819,4,25,14471,8912,23383,703,1203,1703,0.01275,0.01052,0.0135,0.01127,0.01425,0.01202
92,4626819,5,25,12752,8912,21664,705,1205,1705,0.01189,0.00967,0.01264,0.01042,0.01339,0.01117
93,4626819,6,24,6334,8912,15246,677,1157,1637,0.00864,0.00642,0.00936,0.00714,0.01008,0.00786
94,4629483,0,25,10737,8912,19649,677,1177,1677,0.01084,0.00862,0.01159,0.00937,0.01234,0.01012
95,4629483,1,25,10581,8912,19493,680,1180,1680,0.01077,0.00854,0.01152,0.00929,0.01227,0.01004
96,4629483,2,25,8929,8912,17841,687,1187,1687,0.00995,0.00773,0.0107,0.00848,0.01145,0.00923
97,4629483,3,25,6863,8912,15775,705,1205,1705,0.00894,0.00672,0.0097,0.00747,0.01044,0.00822
98,4629483,4,25,7067,8912,15979,705,1205,1705,0.00905,0.00683,0.0098,0.00758,0.01055,0.00833
99,4629483,5,25,13563,8912,22475,705,1205,1705,0.01229,0.01007,0.01304,0.01082,0.01379,0.01157
100,4629483,6,25,9449,8912,18361,705,1205,1705,0.01024,0.00802,0.01099,0.00877,0.01174,0.00952
101,4629483,7,23,29179,8912,38091,649,1109,1569,0.02002,0.0178,0.02071,0.01849,0.0214,0.01918
102,4632496,0,25,17494,8912,26406,677,1177,1677,0.01422,0.012,0.01497,0.01275,0.01572,0.0135
103,4632496,1,25,12275,8912,21187,680,1180,1680,0.01161,0.00939,0.01236,0.01014,0.01311,0.01089
104,4632496,2,25,5209,8912,14121,698,1198,1698,0.00811,0.00589,0.00886,0.00664,0.00961,0.00739
105,4632496,3,25,8014,8912,16926,705,1205,1705,0.00952,0.0073,0.01027,0.00805,0.01102,0.0088
106,4632496,4,25,29568,8912,38480,705,1205,1705,0.0203,0.01808,0.02105,0.01883,0.0218,0.01958
107,4632496,5,13,4274,8912,13186,369,629,889,0.00715,0.00492,0.00754,0.00531,0.00793,0.0057
108,4633797,0,25,11557,8912,20469,676,1176,1676,0.01125,0.00903,0.012,0.00978,0.01275,0.01053
109,4633797,1,25,11128,8912,20040,680,1180,1680,0.01104,0.00882,0.01179,0.00957,0.01254,0.01032
110,4633797,2,25,11986,8912,20898,689,1189,1689,0.01148,0.00926,0.01223,0.01001,0.01298,0.01076
111,4633797,3,25,8459,8912,17371,705,1205,1705,0.00974,0.00752,0.01049,0.00827,0.01124,0.00902
112,4633797,4,25,5021,8912,13933,705,1205,1705,0.00802,0.0058,0.00877,0.00655,0.00952,0.0073
113,4633797,5,25,12834,8912,21746,705,1205,1705,0.01193,0.00971,0.01268,0.01046,0.01343,0.01121
114,4633797,6,11,2730,8912,11642,313,533,753,0.00629,0.00407,0.00662,0.0044,0.00695,0.00473
115,4650200,0,25,6249,8912,15161,680,1180,1680,0.0086,0.00638,0.00935,0.00713,0.0101,0.00788
116,4650200,1,25,13083,8912,21995,680,1180,1680,0.01202,0.0098,0.01277,0.01055,0.01352,0.0113
117,4650200,2,25,7730,8912,16642,693,1193,1693,0.00936,0.00714,0.01011,0.00789,0.01086,0.00864
118,4650200,3,25,8512,8912,17424,705,1205,1705,0.00977,0.00755,0.01052,0.0083,0.01127,0.00905
119,4650200,4,25,14014,8912,22926,705,1205,1705,0.01252,0.0103,0.01327,0.01105,0.01402,0.0118
120,4650200,5,3,3507,8912,12419,89,149,209,0.00634,0.00412,0.00643,0.00421,0.00652,0.0043
121,4651700,0,25,26534,8912,35446,671,1171,1671,0.01873,0.01651,0.01948,0.01726,0.02023,0.01801
122,4651700,1,25,3805,8912,12717,680,1180,1680,0.00738,0.00516,0.00813,0.00591,0.00888,0.00666
123,4651700,2,19,14104,8912,23016,520,900,1280,0.01229,0.01007,0.01286,0.01064,0.01343,0.01121
124,4651968,0,25,22889,8912,31801,673,1173,1673,0.01691,0.01469,0.01766,0.01544,0.01841,0.01619
125,4651968,1,25,14959,8912,23871,680,1180,1680,0.01296,0.01073,0.01371,0.01148,0.01446,0.01223
126,4651968,2,12,8468,8912,17380,329,569,809,0.00918,0.00696,0.00954,0.00732,0.0099,0.00768
127,4653842,0,19,30243,8912,39155,512,892,1272,0.02035,0.01812,0.02092,0.01869,0.02149,0.01926
128,4653842,1,25,11620,8912,20532,680,1180,1680,0.01129,0.00906,0.01204,0.00981,0.01279,0.01056
129,4654798,0,25,25125,8912,34037,675,1175,1675,0.01803,0.01581,0.01878,0.01656,0.01953,0.01731
130,4654798,1,22,12435,8912,21347,599,1039,1479,0.01157,0.00935,0.01223,0.01001,0.01289,0.01067
131,4654800,0,17,27505,8912,36417,458,798,1138,0.0189,0.01667,0.01941,0.01718,0.01992,0.01769
132,4655957,0,25,28547,8912,37459,669,1169,1669,0.01973,0.01751,0.02048,0.01826,0.02123,0.01901
133,4655957,1,25,3261,8912,12173,680,1180,1680,0.00711,0.00488,0.00786,0.00563,0.00861,0.00638
134,4655957,2,12,7298,8912,16210,329,569,809,0.0086,0.00638,0.00896,0.00674,0.00932,0.0071
135,4683376,0,25,14309,8912,23221,672,1172,1672,0.01262,0.0104,0.01337,0.01115,0.01412,0.0119
136,4683376,1,25,9487,8912,18399,680,1180,1680,0.01022,0.008,0.01097,0.00875,0.01172,0.0095
137,4683376,2,1,252,8912,9164,32,52,72,0.00463,0.00241,0.00466,0.00244,0.00469,0.00247
138,4683734,0,25,9779,8912,18691,674,1174,1674,0.01036,0.00813,0.01111,0.00888,0.01186,0.00963
139,4683752,0,25,8469,8912,17381,674,1174,1674,0.0097,0.00748,0.01045,0.00823,0.0112,0.00898
140,4683752,1,5,633,8912,9545,140,240,340,0.00498,0.00276,0.00513,0.00291,0.00528,0.00306
141,4683771,0,25,9988,8912,18900,678,1178,1678,0.01047,0.00825,0.01122,0.009,0.01197,0.00975
142,4683771,1,1,43,8912,8955,32,52,72,0.00453,0.0023,0.00456,0.00233,0.00459,0.00236
143,4683793,0,25,7024,8912,15936,675,1175,1675,0.00898,0.00676,0.00973,0.00751,0.01048,0.00826
144,4683793,1,5,3064,8912,11976,140,240,340,0.0062,0.00398,0.00635,0.00413,0.0065,0.00428
145,4683816,0,25,9215,8912,18127,675,1175,1675,0.01008,0.00785,0.01083,0.0086,0.01158,0.00935
146,4683816,1,25,4454,8912,13366,680,1180,1680,0.0077,0.00548,0.00845,0.00623,0.0092,0.00698
147,4687352,0,25,6447,8912,15359,671,1171,1671,0.00869,0.00646,0.00944,0.00721,0.01019,0.00796
148,4687352,1,4,1022,8912,9934,113,193,273,0.00514,0.00291,0.00526,0.00303,0.00538,0.00315
149,4687486,0,24,7514,8912,16426,646,1126,1606,0.00918,0.00696,0.0099,0.00768,0.01062,0.0084
150,4688245,0,22,6674,8912,15586,596,1036,1476,0.00869,0.00647,0.00935,0.00713,0.01001,0.00779
151,4688397,0,15,6335,8912,15247,403,703,1003,0.00823,0.00601,0.00868,0.00646,0.00913,0.00691
152,4688682,0,25,6421,8912,15333,674,1174,1674,0.00868,0.00646,0.00943,0.00721,0.01018,0.00796
153,4688750,0,25,6279,8912,15191,673,1173,1673,0.0086,0.00638,0.00936,0.00713,0.0101,0.00788
154,4688750,1,2,516,8912,9428,59,99,139,0.0048,0.00258,0.00486,0.00264,0.00492,0.0027
155,4701183,0,25,19007,8912,27919,676,1176,1676,0.01497,0.01275,0.01572,0.0135,0.01647,0.01425
156,4701183,1,25,19789,8912,28701,696,1196,1696,0.01539,0.01317,0.01614,0.01392,0.01689,0.01467
157,4701183,2,20,5437,8912,14349,565,965,1365,0.00802,0.0058,0.00862,0.0064,0.00922,0.007
158,4701367,0,8,11681,8912,20593,218,378,538,0.01062,0.0084,0.01086,0.00864,0.0111,0.00888
159,4701440,0,14,11383,8912,20295,380,660,940,0.01072,0.0085,0.01114,0.00892,0.01156,0.00934
160,4701441,0,13,12365,8912,21277,351,611,871,0.01117,0.00894,0.01156,0.00933,0.01195,0.00972
161,4701494,0,11,10907,8912,19819,297,517,737,0.01035,0.00813,0.01069,0.00846,0.01102,0.00879
162,4701825,0,5,13213,8912,22125,139,239,339,0.01127,0.00905,0.01142,0.0092,0.01157,0.00935
163,4702250,0,11,11731,8912,20643,298,518,738,0.01077,0.00855,0.0111,0.00888,0.01143,0.00921
164,4715618,0,25,7030,8912,15942,675,1175,1675,0.00898,0.00676,0.00973,0.00751,0.01048,0.00826
165,4715618,1,25,8830,8912,17742,680,1180,1680,0.00989,0.00767,0.01064,0.00842,0.01139,0.00917
166,4715618,2,8,5452,8912,14364,221,381,541,0.00751,0.00529,0.00775,0.00553,0.00799,0.00577
167,4717145,0,25,4782,8912,13694,667,1167,1667,0.00785,0.00563,0.0086,0.00638,0.00935,0.00713
168,4717145,1,21,14841,8912,23753,572,992,1412,0.01273,0.01051,0.01336,0.01114,0.01399,0.01177
169,4717809,0,25,16614,8912,25526,673,1173,1673,0.01377,0.01155,0.01452,0.0123,0.01527,0.01305
170,4717809,1,1,443,8912,9355,32,52,72,0.00473,0.0025,0.00476,0.00253,0.00479,0.00256
171,4718354,0,18,21518,8912,30430,484,844,1204,0.01594,0.01372,0.01648,0.01426,0.01702,0.0148
172,4723470,0,25,9523,8912,18435,673,1173,1673,0.01023,0.00801,0.01098,0.00876,0.01173,0.00951
173,4723470,1,16,7610,8912,16522,437,757,1077,0.00892,0.00669,0.0094,0.00717,0.00988,0.00765
174,4742203,0,25,9973,8912,18885,673,1173,1673,0.01045,0.00823,0.0112,0.00898,0.01195,0.00973
175,4742203,1,25,22988,8912,31900,680,1180,1680,0.01697,0.01475,0.01772,0.0155,0.01847,0.01625
176,4743498,0,25,9389,8912,18301,671,1171,1671,0.01016,0.00794,0.01091,0.00869,0.01166,0.00944
177,4743498,1,25,22208,8912,31120,680,1180,1680,0.01658,0.01436,0.01733,0.01511,0.01808,0.01586
178,4743498,2,24,11795,8912,20707,660,1140,1620,0.01134,0.00912,0.01206,0.00984,0.01278,0.01056
179,4743533,0,25,12456,8912,21368,672,1172,1672,0.01169,0.00947,0.01244,0.01022,0.01319,0.01097
180,4743533,1,25,21024,8912,29936,680,1180,1680,0.01599,0.01377,0.01674,0.01452,0.01749,0.01527
181,4743533,2,14,14116,8912,23028,386,666,946,0.01209,0.00987,0.01251,0.01029,0.01293,0.01071
182,4743572,0,25,13234,8912,22146,672,1172,1672,0.01208,0.00986,0.01283,0.01061,0.01358,0.01136
183,4743572,1,25,17633,8912,26545,680,1180,1680,0.01429,0.01207,0.01504,0.01282,0.01579,0.01357
184,4743572,2,20,16069,8912,24981,546,946,1346,0.01331,0.01109,0.01391,0.01169,0.01451,0.01229
185,4743714,0,25,7762,8912,16674,670,1170,1670,0.00934,0.00712,0.01009,0.00787,0.01084,0.00862
186,4743714,1,25,26172,8912,35084,680,1180,1680,0.01856,0.01634,0.01931,0.01709,0.02006,0.01784
187,4743714,2,6,3243,8912,12155,167,287,407,0.00633,0.00411,0.00651,0.00429,0.00669,0.00447
188,4743818,0,25,12179,8912,21091,673,1173,1673,0.01155,0.00933,0.0123,0.01008,0.01305,0.01083
189,4743818,1,25,22222,8912,31134,680,1180,1680,0.01659,0.01437,0.01734,0.01512,0.01809,0.01587
190,4743818,2,25,21123,8912,30035,701,1201,1701,0.01607,0.01385,0.01682,0.0146,0.01757,0.01535
191,4743818,3,1,34,8912,8946,33,53,73,0.00452,0.0023,0.00455,0.00233,0.00458,0.00236
192,4743854,0,25,11967,8912,20879,676,1176,1676,0.01145,0.00923,0.0122,0.00998,0.01295,0.01073
193,4743854,1,25,7534,8912,16446,680,1180,1680,0.00924,0.00702,0.00999,0.00777,0.01074,0.00852
194,4743854,2,25,9574,8912,18486,680,1180,1680,0.01026,0.00804,0.01101,0.00879,0.01176,0.00954
195,4743854,3,25,22524,8912,31436,700,1200,1700,0.01677,0.01455,0.01752,0.0153,0.01827,0.01605
196,4743854,4,4,294,8912,9206,117,197,277,0.00478,0.00256,0.0049,0.00268,0.00502,0.0028
197,4745347,0,25,24237,8912,33149,679,1179,1679,0.01759,0.01537,0.01834,0.01612,0.01909,0.01687
198,4745347,1,25,12355,8912,21267,688,1188,1688,0.01167,0.00944,0.01242,0.01019,0.01317,0.01094
199,4745347,2,25,8944,8912,17856,705,1205,1705,0.00999,0.00776,0.01074,0.00851,0.01149,0.00926
200,4745347,3,25,13836,8912,22748,705,1205,1705,0.01243,0.01021,0.01318,0.01096,0.01393,0.01171
201,4745347,4,1,248,8912,9160,33,53,73,0.00463,0.00241,0.00466,0.00244,0.00469,0.00247
202,4745483,0,25,14395,8912,23307,677,1177,1677,0.01267,0.01045,0.01342,0.0112,0.01417,0.01195
203,4745483,1,25,16410,8912,25322,680,1180,1680,0.01368,0.01146,0.01443,0.01221,0.01518,0.01296
204,4745483,2,25,24364,8912,33276,694,1194,1694,0.01768,0.01546,0.01843,0.01621,0.01918,0.01696
205,4745483,3,25,11823,8912,20735,705,1205,1705,0.01142,0.0092,0.01218,0.00995,0.01292,0.0107
206,4745483,4,11,7652,8912,16564,313,533,753,0.00875,0.00653,0.00908,0.00686,0.00941,0.00719
207,4745664,0,25,11520,8912,20432,676,1176,1676,0.01123,0.00901,0.01198,0.00976,0.01273,0.01051
208,4745664,1,7,669,8912,9581,194,334,474,0.00508,0.00286,0.00529,0.00307,0.0055,0.00328
209,4746895,0,25,26083,8912,34995,676,1176,1676,0.01851,0.01629,0.01926,0.01704,0.02001,0.01779
210,4746895,1,25,22863,8912,31775,688,1188,1688,0.01692,0.0147,0.01767,0.01545,0.01842,0.0162
211,4746895,2,25,6724,8912,15636,705,1205,1705,0.00888,0.00665,0.00963,0.0074,0.01038,0.00815
212,4746895,3,25,9544,8912,18456,705,1205,1705,0.01029,0.00806,0.01104,0.00881,0.01179,0.00956
213,4746895,4,17,15306,8912,24218,481,821,1161,0.01283,0.01061,0.01334,0.01112,0.01385,0.01163
214,4748676,0,25,11394,8912,20306,677,1177,1677,0.01117,0.00895,0.01192,0.0097,0.01267,0.01045
215,4748676,1,25,10982,8912,19894,680,1180,1680,0.01097,0.00875,0.01172,0.0095,0.01247,0.01025
216,4748676,2,6,1053,8912,9965,167,287,407,0.00523,0.00301,0.00541,0.00319,0.00559,0.00337
217,4749066,0,25,12748,8912,21660,677,1177,1677,0.01185,0.00962,0.0126,0.01037,0.01335,0.01112
218,4749066,1,25,7442,8912,16354,680,1180,1680,0.0092,0.00698,0.00995,0.00773,0.0107,0.00848
219,4749066,2,24,6589,8912,15501,653,1133,1613,0.00873,0.00651,0.00945,0.00723,0.01017,0.00795
220,4753294,0,25,11575,8912,20487,676,1176,1676,0.01126,0.00904,0.01201,0.00979,0.01276,0.01054
221,4753294,1,25,14231,8912,23143,680,1180,1680,0.01259,0.01037,0.01334,0.01112,0.01409,0.01187
222,4753294,2,25,28324,8912,37236,697,1197,1697,0.01966,0.01744,0.02041,0.01819,0.02116,0.01894
223,4753294,3,25,10115,8912,19027,705,1205,1705,0.01057,0.00835,0.01132,0.0091,0.01207,0.00985
224,4753294,4,17,13071,8912,21983,481,821,1161,0.01171,0.00949,0.01222,0.01,0.01273,0.01051
225,4756274,0,25,10919,8912,19831,674,1174,1674,0.01093,0.0087,0.01168,0.00945,0.01243,0.0102
226,4756274,1,25,7222,8912,16134,680,1180,1680,0.00909,0.00687,0.00984,0.00762,0.01059,0.00837
227,4756274,2,25,7089,8912,16001,680,1180,1680,0.00902,0.0068,0.00977,0.00755,0.01052,0.0083
228,4756274,3,25,14414,8912,23326,696,1196,1696,0.01271,0.01049,0.01346,0.01124,0.01421,0.01199
229,4756274,4,21,12099,8912,21011,593,1013,1433,0.01139,0.00917,0.01202,0.0098,0.01265,0.01043
230,4757163,0,25,9048,8912,17960,674,1174,1674,0.00999,0.00777,0.01074,0.00852,0.01149,0.00927
231,4757163,1,25,8513,8912,17425,680,1180,1680,0.00973,0.00751,0.01048,0.00826,0.01123,0.00901
232,4757163,2,25,10454,8912,19366,680,1180,1680,0.0107,0.00848,0.01145,0.00923,0.0122,0.00998
233,4757163,3,25,18156,8912,27068,697,1197,1697,0.01458,0.01236,0.01533,0.01311,0.01608,0.01386
234,4757163,4,16,10531,8912,19443,453,773,1093,0.0104,0.00818,0.01088,0.00866,0.01136,0.00914
235,4757709,0,25,8132,8912,17044,675,1175,1675,0.00953,0.00731,0.01028,0.00806,0.01103,0.00881
236,4757709,1,25,6116,8912,15028,680,1180,1680,0.00853,0.00631,0.00928,0.00706,0.01003,0.00781
237,4757709,2,13,6891,8912,15803,356,616,876,0.00844,0.00621,0.00883,0.0066,0.00922,0.00699
238,4758930,0,25,14236,8912,23148,678,1178,1678,0.01259,0.01037,0.01334,0.01112,0.01409,0.01187
239,4758930,1,25,9540,8912,18452,680,1180,1680,0.01025,0.00802,0.011,0.00877,0.01175,0.00952
240,4758930,2,25,19301,8912,28213,691,1191,1691,0.01514,0.01292,0.01589,0.01367,0.01664,0.01442
241,4758930,3,25,16601,8912,25513,705,1205,1705,0.01381,0.01159,0.01456,0.01234,0.01531,0.01309
242,4758930,4,17,30181,8912,39093,481,821,1161,0.02027,0.01805,0.02078,0.01856,0.02129,0.01907
243,4758930,5,11,10827,8912,19739,313,533,753,0.01034,0.00812,0.01067,0.00845,0.011,0.00878
244,4767236,0,24,26412,8912,35324,646,1126,1606,0.01863,0.01641,0.01935,0.01713,0.02007,0.01785
245,4767477,0,20,25865,8912,34777,541,941,1341,0.0182,0.01598,0.0188,0.01658,0.0194,0.01718
246,4768504,0,4,7470,8912,16382,112,192,272,0.00836,0.00614,0.00848,0.00626,0.0086,0.00638
247,4768768,0,20,29388,8912,38300,542,942,1342,0.01996,0.01774,0.02056,0.01834,0.02116,0.01894
248,4768900,0,25,26289,8912,35201,676,1176,1676,0.01861,0.01639,0.01936,0.01714,0.02011,0.01789
249,4769030,0,21,26675,8912,35587,568,988,1408,0.01865,0.01642,0.01928,0.01705,0.01991,0.01768
250,4773360,0,25,24060,8912,32972,678,1178,1678,0.0175,0.01528,0.01825,0.01603,0.019,0.01678
251,4773360,1,17,12278,8912,21190,464,804,1144,0.01129,0.00907,0.0118,0.00958,0.01231,0.01009
252,4773419,0,14,29373,8912,38285,378,658,938,0.01971,0.01749,0.02013,0.01791,0.02055,0.01833
253,4773420,0,25,27889,8912,36801,671,1171,1671,0.01941,0.01719,0.02016,0.01794,0.02091,0.01869
254,4773421,0,25,27631,8912,36543,673,1173,1673,0.01928,0.01706,0.02003,0.01781,0.02078,0.01856
255,4773529,0,25,3322,8912,12234,672,1172,1672,0.00713,0.0049,0.00788,0.00565,0.00863,0.0064
256,4773529,1,25,13830,8912,22742,680,1180,1680,0.01239,0.01017,0.01314,0.01092,0.01389,0.01167
257,4773529,2,25,16142,8912,25054,680,1180,1680,0.01355,0.01133,0.0143,0.01208,0.01505,0.01283
258,4773529,3,25,3707,8912,12619,690,1190,1690,0.00734,0.00512,0.00809,0.00587,0.00884,0.00662
259,4773529,4,22,2755,8912,11667,621,1061,1501,0.00677,0.00454,0.00743,0.0052,0.00809,0.00586
260,4773609,0,20,29754,8912,38666,543,943,1343,0.02015,0.01793,0.02075,0.01853,0.02135,0.01913
261,4773609,1,17,6126,8912,15038,464,804,1144,0.00822,0.00599,0.00873,0.0065,0.00924,0.00701
262,4773934,0,25,9252,8912,18164,668,1168,1668,0.01008,0.00786,0.01083,0.00861,0.01158,0.00936
263,4773934,1,8,3467,8912,12379,221,381,541,0.00652,0.0043,0.00676,0.00454,0.007,0.00478
264,4773935,0,25,8300,8912,17212,675,1175,1675,0.00962,0.0074,0.01037,0.00815,0.01112,0.0089
265,4773935,1,5,12127,8912,21039,140,240,340,0.01073,0.00851,0.01088,0.00866,0.01103,0.00881
266,4773936,0,25,7243,8912,16155,675,1175,1675,0.00909,0.00687,0.00984,0.00762,0.01059,0.00837
267,4773936,1,18,9506,8912,18418,491,851,1211,0.00995,0.00772,0.01049,0.00826,0.01103,0.0088
268,4773937,0,25,9413,8912,18325,674,1174,1674,0.01017,0.00795,0.01092,0.0087,0.01167,0.00945
269,4773937,1,6,11591,8912,20503,167,287,407,0.0105,0.00828,0.01068,0.00846,0.01086,0.00864
270,4782897,0,25,16616,8912,25528,676,1176,1676,0.01378,0.01156,0.01453,0.01231,0.01528,0.01306
271,4782897,1,23,30334,8912,39246,630,1090,1550,0.02057,0.01835,0.02126,0.01904,0.02195,0.01973
272,4782897,2,3,2651,8912,11563,89,149,209,0.00592,0.00369,0.006,0.00378,0.0061,0.00387
273,4785180,0,25,19149,8912,28061,675,1175,1675,0.01504,0.01282,0.01579,0.01357,0.01654,0.01432
274,4785180,1,25,12617,8912,21529,680,1180,1680,0.01178,0.00956,0.01253,0.01031,0.01328,0.01106
275,4785180,2,19,14008,8912,22920,536,916,1296,0.01226,0.01004,0.01283,0.01061,0.0134,0.01118
276,4785732,0,25,20662,8912,29574,675,1175,1675,0.0158,0.01358,0.01655,0.01433,0.0173,0.01508
277,4785732,1,25,17913,8912,26825,680,1180,1680,0.01443,0.01221,0.01518,0.01296,0.01593,0.01371
278,4785732,2,16,9575,8912,18487,449,769,1089,0.00992,0.0077,0.0104,0.00818,0.01088,0.00866
279,4791550,0,25,10909,8912,19821,674,1174,1674,0.01092,0.0087,0.01167,0.00945,0.01242,0.0102
280,4791550,1,25,7465,8912,16377,680,1180,1680,0.00921,0.00699,0.00996,0.00774,0.01071,0.00849
281,4791550,2,25,14086,8912,22998,680,1180,1680,0.01252,0.0103,0.01327,0.01105,0.01402,0.0118
282,4791550,3,11,30239,8912,39151,312,532,752,0.02004,0.01782,0.02037,0.01815,0.0207,0.01848
283,6703872,0,25,18386,8912,27298,675,1175,1675,0.01466,0.01244,0.01541,0.01319,0.01616,0.01394
284,6703872,1,25,8580,8912,17492,680,1180,1680,0.00977,0.00754,0.01052,0.00829,0.01127,0.00904
285,6703872,2,23,18983,8912,27895,640,1100,1560,0.01491,0.01269,0.0156,0.01338,0.01629,0.01407
286,6705781,0,25,12101,8912,21013,675,1175,1675,0.01152,0.0093,0.01227,0.01005,0.01302,0.0108
287,6705781,1,25,11523,8912,20435,680,1180,1680,0.01124,0.00902,0.01199,0.00977,0.01274,0.01052
288,6705781,2,25,13628,8912,22540,691,1191,1691,0.01231,0.01008,0.01306,0.01083,0.01381,0.01158
289,6705781,3,4,6248,8912,15160,117,197,277,0.00776,0.00553,0.00788,0.00565,0.008,0.00577
290,6706398,0,25,15007,8912,23919,671,1171,1671,0.01297,0.01074,0.01372,0.01149,0.01447,0.01224
291,6706398,1,25,7775,8912,16687,680,1180,1680,0.00936,0.00714,0.01011,0.00789,0.01086,0.00864
292,6706398,2,25,6479,8912,15391,680,1180,1680,0.00872,0.00649,0.00947,0.00724,0.01022,0.00799
293,6706398,3,16,4083,8912,12995,452,772,1092,0.00718,0.00495,0.00766,0.00543,0.00814,0.00591
294,6710420,0,25,14591,8912,23503,676,1176,1676,0.01277,0.01054,0.01352,0.01129,0.01427,0.01204
295,6710420,1,25,7934,8912,16846,680,1180,1680,0.00944,0.00722,0.01019,0.00797,0.01094,0.00872
296,6710420,2,3,536,8912,9448,86,146,206,0.00485,0.00263,0.00494,0.00272,0.00503,0.00281
297,6710457,0,25,26468,8912,35380,676,1176,1676,0.0187,0.01648,0.01945,0.01723,0.0202,0.01798
298,6710457,1,14,1916,8912,10828,383,663,943,0.00599,0.00377,0.00641,0.00419,0.00683,0.00461
299,6710458,0,25,21231,8912,30143,677,1177,1677,0.01609,0.01387,0.01684,0.01462,0.01759,0.01537
300,6710458,1,25,4671,8912,13583,680,1180,1680,0.00781,0.00559,0.00856,0.00634,0.00931,0.00709
301,6710458,2,2,905,8912,9817,59,99,139,0.005,0.00278,0.00506,0.00284,0.00512,0.0029
302,6711097,0,25,9152,8912,18064,674,1174,1674,0.01004,0.00782,0.01079,0.00857,0.01154,0.00932
303,6711097,1,25,7608,8912,16520,680,1180,1680,0.00928,0.00706,0.01003,0.00781,0.01078,0.00856
304,6711097,2,25,2620,8912,11532,680,1180,1680,0.00679,0.00456,0.00754,0.00531,0.00829,0.00606
305,6711097,3,25,8602,8912,17514,684,1184,1684,0.00978,0.00756,0.01053,0.00831,0.01128,0.00906
306,6711097,4,25,6832,8912,15744,705,1205,1705,0.00893,0.00671,0.00968,0.00746,0.01043,0.00821
307,6711097,5,25,3403,8912,12315,705,1205,1705,0.00722,0.00499,0.00796,0.00574,0.00872,0.00649
308,6711097,6,25,4404,8912,13316,705,1205,1705,0.00772,0.00549,0.00847,0.00624,0.00922,0.00699
309,6716695,0,25,8418,8912,17330,674,1174,1674,0.00968,0.00745,0.01043,0.0082,0.01118,0.00895
310,6716695,1,25,9697,8912,18609,680,1180,1680,0.01032,0.0081,0.01107,0.00885,0.01182,0.0096
311,6716695,2,25,5024,8912,13936,680,1180,1680,0.00799,0.00577,0.00874,0.00652,0.00949,0.00727
312,6716695,3,25,6949,8912,15861,683,1183,1683,0.00895,0.00673,0.00971,0.00748,0.01045,0.00823
313,6716695,4,25,3187,8912,12099,705,1205,1705,0.00711,0.00489,0.00786,0.00564,0.00861,0.00639
314,6716695,5,25,1934,8912,10846,705,1205,1705,0.00648,0.00426,0.00723,0.00501,0.00798,0.00576
315,6716695,6,25,3138,8912,12050,705,1205,1705,0.00708,0.00486,0.00783,0.00561,0.00858,0.00636
316,6716695,7,2,211,8912,9123,61,101,141,0.00465,0.00243,0.00471,0.00249,0.00477,0.00255
